{"cameraMode":{"drawMode":0,"name":"Shaded","section":"Shading Mode"},"sceneLighting":false,"audioPlay":false,"sceneViewState":{"showFog":true,"showMaterialUpdate":false,"showSkybox":false,"showFlares":true,"showImageEffects":true,"showParticleSystems":true},"in2DMode":false,"pivot":{"x":0.0999000072479248,"y":0.9240000247955322,"z":-0.0999000072479248},"rotation":{"x":-0.0707026943564415,"y":-0.0368022620677948,"z":0.002609843388199806,"w":-0.9968180656433106},"size":0.14577381312847138,"orthographic":true}