{"cameraMode":{"drawMode":0,"name":"Shaded","section":"Shading Mode"},"sceneLighting":false,"audioPlay":false,"sceneViewState":{"showFog":true,"showMaterialUpdate":false,"showSkybox":false,"showFlares":true,"showImageEffects":true,"showParticleSystems":true},"in2DMode":false,"pivot":{"x":0.0015376819064840675,"y":0.991519570350647,"z":-0.0025623769033700229},"rotation":{"x":-0.2053002566099167,"y":-0.17739689350128175,"z":0.03786778450012207,"w":-0.9617446660995483},"size":0.01948847435414791,"orthographic":true}