{"cameraMode":{"drawMode":0,"name":"Shaded","section":"Shading Mode"},"sceneLighting":false,"audioPlay":false,"sceneViewState":{"showFog":true,"showMaterialUpdate":false,"showSkybox":false,"showFlares":true,"showImageEffects":true,"showParticleSystems":true},"in2DMode":false,"pivot":{"x":0.1128142848610878,"y":0.9627030491828919,"z":-0.006587862968444824},"rotation":{"x":-0.004782416857779026,"y":-0.1071968823671341,"z":0.0005111419013701379,"w":-0.99423748254776},"size":0.26999208331108096,"orthographic":true}