{"cameraMode":{"drawMode":0,"name":"Shaded","section":"Shading Mode"},"sceneLighting":false,"audioPlay":false,"sceneViewState":{"showFog":true,"showMaterialUpdate":false,"showSkybox":true,"showFlares":true,"showImageEffects":true,"showParticleSystems":true},"in2DMode":false,"pivot":{"x":548.5787963867188,"y":880.9622802734375,"z":-0.00767392385751009},"rotation":{"x":-0.09160873293876648,"y":-0.03972512483596802,"z":0.0036542355082929136,"w":-0.9950035214424133},"size":376.877685546875,"orthographic":false}